{
  "productName": "Animalia Desktop App",
  "version": "0.1.0",
  "identifier": "com.animalia.desktop",
  "build": {
    "beforeBuildCommand": "npm run build",
    "beforeDevCommand": "npm run dev",
    "devPath": "http://localhost:5173",
    "frontendDist": "../dist"
  },
  "app": {
    "windows": [
      {
        "title": "Animalia Desktop App",
        "width": 1200,
        "height": 800,
        "minWidth": 400,
        "minHeight": 600,
        "resizable": true,
        "fullscreen": false
      }
    ],
    "security": {
      "csp": null
    }
  },
  "bundle": {
    "active": true,
    "targets": ["dmg", "app"],
    "identifier": "com.animalia.desktop",
    "icon": [
      "icons/icon.icns"
    ],
    "macOS": {
      "frameworks": [],
      "minimumSystemVersion": "10.13",
      "signingIdentity": null,
      "providerShortTeamId": null,
      "entitlements": null
    },
    "dmg": {
      "background": "icons/dmg-background.tiff",
      "format": "ULFO"
    }
  }
}
