{
  "productName": "Animalia Desktop App",
  "version": "0.1.0",
  "identifier": "com.animalia.desktop",
  "build": {
    "beforeBuildCommand": "npm run build",
    "beforeDevCommand": "npm run dev",
    "devPath": "http://localhost:5173",
    "frontendDist": "../dist"
  },
  "app": {
    "windows": [
      {
        "title": "Animalia Desktop App",
        "width": 1200,
        "height": 800,
        "minWidth": 400,
        "minHeight": 600,
        "resizable": true,
        "fullscreen": false
      }
    ],
    "security": {
      "csp": null
    }
  },
  "bundle": {
    "active": true,
    "targets": ["msi", "nsis"],
    "identifier": "com.animalia.desktop",
    "icon": [
      "icons/32x32.png",
      "icons/128x128.png",
      "icons/128x128@2x.png",
      "icons/icon.ico"
    ],
    "windows": {
      "certificateThumbprint": null,
      "digestAlgorithm": "sha256",
      "timestampUrl": ""
    },
    "nsis": {
      "installerIcon": "icons/icon.ico",
      "headerImage": "icons/installer-header.bmp",
      "sidebarImage": "icons/installer-sidebar.bmp"
    }
  }
}
