{
  "productName": "Animalia Desktop App",
  "version": "0.1.0",
  "identifier": "com.animalia.desktop",
  "build": {
    "beforeBuildCommand": "npm run build",
    "beforeDevCommand": "npm run dev",
    "devPath": "http://localhost:5173",
    "frontendDist": "../dist"
  },
  "app": {
    "windows": [
      {
        "title": "Animalia Desktop App",
        "width": 390,
        "height": 844,
        "minWidth": 320,
        "minHeight": 600,
        "resizable": true,
        "fullscreen": false
      }
    ],
    "security": {
      "csp": null
    }
  },
  "bundle": {
    "active": true,
    "targets": ["ipa"],
    "identifier": "com.animalia.desktop",
    "icon": [
      "icons/icon.png"
    ],
    "iOS": {
      "minimumVersion": "13.0",
      "deploymentTarget": "13.0",
      "teamId": null,
      "signingIdentity": "iPhone Developer",
      "provisioningProfile": null
    }
  }
}
