{
  "productName": "Animalia Desktop App",
  "version": "0.1.0",
  "identifier": "com.animalia.desktop",
  "build": {
    "beforeBuildCommand": "npm run build",
    "beforeDevCommand": "npm run dev",
    "devPath": "http://localhost:5173",
    "frontendDist": "../dist"
  },
  "app": {
    "windows": [
      {
        "title": "Animalia Desktop App",
        "width": 400,
        "height": 800,
        "minWidth": 320,
        "minHeight": 600,
        "resizable": true,
        "fullscreen": false
      }
    ],
    "security": {
      "csp": null
    }
  },
  "bundle": {
    "active": true,
    "targets": ["apk"],
    "identifier": "com.animalia.desktop",
    "icon": [
      "icons/icon.png"
    ],
    "android": {
      "minSdkVersion": 24,
      "targetSdkVersion": 34,
      "permissions": [
        "INTERNET",
        "ACCESS_NETWORK_STATE",
        "READ_EXTERNAL_STORAGE",
        "WRITE_EXTERNAL_STORAGE"
      ]
    }
  }
}
