{
  "build": {
    "beforeBuildCommand": "npm run build",
    "beforeDevCommand": "npm run dev",
    "devPath": "http://localhost:5173",
    "frontendDist": "../dist"
  },
  "app": {
    "windows": [
      {
        "title": "Animalia Desktop",
        "width": 400,
        "height": 800,
        "minWidth": 320,
        "minHeight": 600,
        "resizable": true,
        "fullscreen": false
      }
    ],
    "security": {
      "csp": null
    }
  },
  "bundle": {
    "active": true,
    "targets": ["deb", "appimage", "msi", "dmg"],
    "identifier": "com.animalia.app",
    "icon": ["icons/32x32.png", "icons/128x128.png", "icons/icon.icns", "icons/icon.ico"]
  }
}
